Тип ТМЦ,Дилеры (вып.условий),MonthStart,Выручка
Оборудование,"ASIAN BUSINESS SOLUTIONS, Узбекистан",2026-05-01 00:00:00,141386
Оборудование,Deling food,2026-08-01 00:00:00,284399
Оборудование,"LUCKY & S CO, Сербия",2026-06-01 00:00:00,17541
Оборудование,"LUCKY & S CO, Сербия",2026-07-01 00:00:00,9574
Оборудование,"LUCKY & S CO, Сербия",2026-08-01 00:00:00,86508
Оборудование,"LUCKY & S CO, Сербия",2026-09-01 00:00:00,16261
Оборудование,UNIVERSAL MEAT,2026-07-01 00:00:00,32529
Оборудование,"VitLine, Казахстан",2026-04-01 00:00:00,46622
Оборудование,"VitLine, Казахстан",2026-08-01 00:00:00,1232
Оборудование,"VitLine, Казахстан",2026-09-01 00:00:00,23022
Оборудование,"Богатовъ Торговый Дом, Челябинск",2026-09-01 00:00:00,19672
Оборудование,"Кабири Хучанд ООО, Таджикистан",2026-04-01 00:00:00,21294
Оборудование,КОМПО North America Inc,2026-05-01 00:00:00,4258
Оборудование,КОМПО Технолоджис,2026-04-01 00:00:00,21220
Оборудование,КОМПО Технолоджис,2026-05-01 00:00:00,125695
Оборудование,КОМПО Технолоджис,2026-06-01 00:00:00,168500
Оборудование,КОМПО Технолоджис,2026-07-01 00:00:00,335374
Оборудование,КОМПО Технолоджис,2026-08-01 00:00:00,175006
Оборудование,КОМПО Технолоджис,2026-09-01 00:00:00,125187
Оборудование,КСП (КОМПО-СП),2026-04-01 00:00:00,15880
Оборудование,КСП (КОМПО-СП),2026-05-01 00:00:00,9838
Оборудование,КСП (КОМПО-СП),2026-06-01 00:00:00,27496
Оборудование,КСП (КОМПО-СП),2026-07-01 00:00:00,93061
Оборудование,КСП (КОМПО-СП),2026-08-01 00:00:00,73786
Оборудование,КСП (КОМПО-СП),2026-09-01 00:00:00,18688
Оборудование,НоваПак,2026-05-01 00:00:00,1435
Оборудование,НоваПак,2026-06-01 00:00:00,64423
Оборудование,НоваПак,2026-07-01 00:00:00,2365
Оборудование,НоваПак,2026-08-01 00:00:00,159096
Расходные материалы,"ASIAN BUSINESS SOLUTIONS, Узбекистан",2026-04-01 00:00:00,80841
Расходные материалы,"ASIAN BUSINESS SOLUTIONS, Узбекистан",2026-05-01 00:00:00,20790
Расходные материалы,"ASIAN BUSINESS SOLUTIONS, Узбекистан",2026-06-01 00:00:00,50603
Расходные материалы,"ASIAN BUSINESS SOLUTIONS, Узбекистан",2026-07-01 00:00:00,24085
Расходные материалы,"ASIAN BUSINESS SOLUTIONS, Узбекистан",2026-08-01 00:00:00,27529
Расходные материалы,Deling food,2026-04-01 00:00:00,9773
Расходные материалы,Deling food,2026-06-01 00:00:00,95600
Расходные материалы,"Flexo Food Ltd, Грузия",2026-04-01 00:00:00,5165
Расходные материалы,"Ingreda, Молдова",2026-04-01 00:00:00,16733
Расходные материалы,"Ingreda, Молдова",2026-06-01 00:00:00,9226
Расходные материалы,"Ingreda, Молдова",2026-08-01 00:00:00,13269
Расходные материалы,"LUCKY & S CO, Сербия",2026-06-01 00:00:00,18564
Расходные материалы,"LUCKY & S CO, Сербия",2026-08-01 00:00:00,37877
Расходные материалы,UNIVERSAL MEAT,2026-08-01 00:00:00,99152
Расходные материалы,"VitLine, Казахстан",2026-04-01 00:00:00,117813
Расходные материалы,"VitLine, Казахстан",2026-05-01 00:00:00,31872
Расходные материалы,"VitLine, Казахстан",2026-06-01 00:00:00,6178
Расходные материалы,"VitLine, Казахстан",2026-07-01 00:00:00,163331
Расходные материалы,"VitLine, Казахстан",2026-09-01 00:00:00,36051
Расходные материалы,"Богатовъ Торговый Дом, Челябинск",2026-04-01 00:00:00,47791
Расходные материалы,"Богатовъ Торговый Дом, Челябинск",2026-05-01 00:00:00,60000
Расходные материалы,"Богатовъ Торговый Дом, Челябинск",2026-06-01 00:00:00,142945
Расходные материалы,"Богатовъ Торговый Дом, Челябинск",2026-07-01 00:00:00,63583
Расходные материалы,"Богатовъ Торговый Дом, Челябинск",2026-08-01 00:00:00,43872
Расходные материалы,"Богатовъ Торговый Дом, Челябинск",2026-09-01 00:00:00,75452
Расходные материалы,"ГИНАП, Армения",2026-08-01 00:00:00,25421
Расходные материалы,КОМПО North America Inc,2026-05-01 00:00:00,51404
Расходные материалы,КОМПО North America Inc,2026-06-01 00:00:00,4344
Расходные материалы,КОМПО North America Inc,2026-08-01 00:00:00,68018
Расходные материалы,КОМПО Технолоджис,2026-04-01 00:00:00,155015
Расходные материалы,КОМПО Технолоджис,2026-05-01 00:00:00,160737
Расходные материалы,КОМПО Технолоджис,2026-06-01 00:00:00,221280
Расходные материалы,КОМПО Технолоджис,2026-07-01 00:00:00,167494
Расходные материалы,КОМПО Технолоджис,2026-08-01 00:00:00,142526
Расходные материалы,КОМПО Технолоджис,2026-09-01 00:00:00,163607
Расходные материалы,КСП (КОМПО-СП),2026-04-01 00:00:00,33254
Расходные материалы,КСП (КОМПО-СП),2026-05-01 00:00:00,54529
Расходные материалы,КСП (КОМПО-СП),2026-06-01 00:00:00,78935
Расходные материалы,КСП (КОМПО-СП),2026-07-01 00:00:00,72307
Расходные материалы,КСП (КОМПО-СП),2026-08-01 00:00:00,60998
Расходные материалы,КСП (КОМПО-СП),2026-09-01 00:00:00,75434
Расходные материалы,НоваПак,2026-04-01 00:00:00,71293
Расходные материалы,НоваПак,2026-05-01 00:00:00,74870
Расходные материалы,НоваПак,2026-06-01 00:00:00,113044
Расходные материалы,НоваПак,2026-07-01 00:00:00,17662
Расходные материалы,НоваПак,2026-08-01 00:00:00,35926
Расходные материалы,НоваПак,2026-09-01 00:00:00,27585
Расходные материалы,"Сейитлиев Мердан Иламанович, Туркменистан",2026-05-01 00:00:00,97159
Расходные материалы,"Сейитлиев Мердан Иламанович, Туркменистан",2026-08-01 00:00:00,76021
Расходные материалы,"Сейитлиев Мердан Иламанович, Туркменистан",2026-09-01 00:00:00,92038
Сервис,"ASIAN BUSINESS SOLUTIONS, Узбекистан",2026-04-01 00:00:00,1420
Сервис,"ASIAN BUSINESS SOLUTIONS, Узбекистан",2026-09-01 00:00:00,15733
Сервис,Deling food,2026-04-01 00:00:00,20611
Сервис,Deling food,2026-05-01 00:00:00,16755
Сервис,Deling food,2026-07-01 00:00:00,6537
Сервис,"Flexo Food Ltd, Грузия",2026-05-01 00:00:00,1335
Сервис,"Ingreda, Молдова",2026-04-01 00:00:00,583
Сервис,"Ingreda, Молдова",2026-09-01 00:00:00,2048
Сервис,"LUCKY & S CO, Сербия",2026-04-01 00:00:00,1968
Сервис,"LUCKY & S CO, Сербия",2026-06-01 00:00:00,5358
Сервис,"LUCKY & S CO, Сербия",2026-08-01 00:00:00,2422
Сервис,"LUCKY & S CO, Сербия",2026-09-01 00:00:00,1095
Сервис,UNIVERSAL MEAT,2026-05-01 00:00:00,35956
Сервис,UNIVERSAL MEAT,2026-06-01 00:00:00,2306
Сервис,UNIVERSAL MEAT,2026-07-01 00:00:00,3046
Сервис,"VitLine, Казахстан",2026-04-01 00:00:00,6205
Сервис,"VitLine, Казахстан",2026-05-01 00:00:00,4533
Сервис,"VitLine, Казахстан",2026-06-01 00:00:00,12052
Сервис,"VitLine, Казахстан",2026-07-01 00:00:00,11838
Сервис,"VitLine, Казахстан",2026-08-01 00:00:00,11384
Сервис,"VitLine, Казахстан",2026-09-01 00:00:00,10206
Сервис,"Богатовъ Торговый Дом, Челябинск",2026-04-01 00:00:00,10883
Сервис,"Богатовъ Торговый Дом, Челябинск",2026-05-01 00:00:00,7847
Сервис,"Богатовъ Торговый Дом, Челябинск",2026-06-01 00:00:00,13229
Сервис,"Богатовъ Торговый Дом, Челябинск",2026-07-01 00:00:00,16232
Сервис,"Богатовъ Торговый Дом, Челябинск",2026-08-01 00:00:00,20935
Сервис,"Богатовъ Торговый Дом, Челябинск",2026-09-01 00:00:00,7166
Сервис,"Кабири Хучанд ООО, Таджикистан",2026-06-01 00:00:00,523
Сервис,КОМПО Технолоджис,2026-04-01 00:00:00,40270
Сервис,КОМПО Технолоджис,2026-05-01 00:00:00,14831
Сервис,КОМПО Технолоджис,2026-06-01 00:00:00,45947
Сервис,КОМПО Технолоджис,2026-07-01 00:00:00,30003
Сервис,КОМПО Технолоджис,2026-08-01 00:00:00,33758
Сервис,КОМПО Технолоджис,2026-09-01 00:00:00,36606
Сервис,КСП (КОМПО-СП),2026-04-01 00:00:00,11603
Сервис,КСП (КОМПО-СП),2026-05-01 00:00:00,15918
Сервис,КСП (КОМПО-СП),2026-06-01 00:00:00,14574
Сервис,КСП (КОМПО-СП),2026-07-01 00:00:00,28185
Сервис,КСП (КОМПО-СП),2026-08-01 00:00:00,28322
Сервис,КСП (КОМПО-СП),2026-09-01 00:00:00,16211
Сервис,НоваПак,2026-04-01 00:00:00,12619
Сервис,НоваПак,2026-05-01 00:00:00,24628
Сервис,НоваПак,2026-06-01 00:00:00,18488
Сервис,НоваПак,2026-07-01 00:00:00,14899
Сервис,НоваПак,2026-08-01 00:00:00,29428
Сервис,НоваПак,2026-09-01 00:00:00,17767
Сервис,"Сейитлиев Мердан Иламанович, Туркменистан",2026-04-01 00:00:00,4516
Сервис,"Сейитлиев Мердан Иламанович, Туркменистан",2026-09-01 00:00:00,3932
